filename,main_author
kp2004a.txt,0
kp2005a.txt,1
kp2006b.txt,0
kp2011a.txt,0
kp2012a.txt,1
kp2013a.txt,1
kp2013b.txt,0
kp2014a.txt,1
kp2014b.txt,0
kp2014c.txt,0
kp2014d.txt,0
kp2016a.txt,1
kp2016b.txt,0
kp2016c.txt,1
kp2016d.txt,0
kp2016e.txt,0
kp2016f.txt,0
kp2016g.txt,1
kp2016h.txt,1
kp2017a.txt,0
kp2017b.txt,1
kp2017c.txt,0
kp2017d.txt,1
kp2017e.txt,1
kp2018a.txt,0
kp2018b.txt,0
kp2018c.txt,1
kp2018d.txt,1
kp2018e.txt,0
kp2018f.txt,1
kp2018g.txt,0
kp2019a.txt,0
kp2019b.txt,0
kp2019c.txt,1
